Workbook

Sheet 🏠 Start Here
B2: 🛡 NIST 800-53 Rev 5 Audit Readiness Home Lab
B5: 300 Controls • 19 Families • AWS / Azure / On-Prem / Hybrid
B8: 📖 How To Use This Workbook
B9: 1 | C9: SELECT your environment
C10: Go to the 📋 Controls tab. Use the Environment dropdown in Column E (Applicability) to filter controls for AWS, Azure, On-Prem, or Hybrid using Excel's built-in column filter (click the ▼ arrow on any column header).
B13: 2 | C13: FILL IN the status columns
C14: For each control, update: ✏ Implementation Status (col L) • Testing Status (col M) • Risk Level (col N) • Owner (col O) • Evidence Received (col Q). Every column has a dropdown — just click and choose.
B17: 3 | C17: TRACK evidence
C18: Switch to 📁 Evidence Register and fill in one row per piece of evidence needed. The Request ID, Control ID, and Due Date columns tell you what to collect and by when.
B21: 4 | C21: REVIEW your progress
C22: Open 📊 Dashboard at any time. It updates automatically as you fill in the Controls tab — no buttons to press, no scripts to run.
B25: 5 | C25: USE the Policy Library
C26: The 📜 Policy Library tab maps each control family to its governing policy. Use it to find which policy document covers a control and who owns it.
B30: 🎨 Color Coding Legend
B32: 🔴 CRITICAL | D32: Immediate action required — highest risk
B33: 🟠 HIGH | D33: Address within 30 days
B34: 🟡 MED | D34: Address within 90 days
B35: 🟢 LOW | D35: Monitor and review annually
B36: ✅ Implemented / Yes | D36: Control is implemented or evidence received
B37: ❌ Not Started / No | D37: Control not yet addressed
B38: ⏳ Partial / Planned | D38: Work in progress
B40: 📊 Live Progress Summary (updates automatically as you fill in the Controls tab)
B41: Total Controls | D41: Implemented | F41: Readiness % | H41: Evidence Rcvd % | J41: Critical/High Gaps
B42: =COUNTIF('📋 Controls'!A3:A302,"<>") -> 300 | D42: =COUNTIF('📋 Controls'!I3:I302,"Implemented") -> 0 | F42: =IFERROR(COUNTIF('📋 Controls'!I3:I302,"Implemented")/COUNTIF('📋 Controls'!A3:A302,"<>"),0) -> 0 | H42: =IFERROR(COUNTIF('📋 Controls'!N3:N302,"Yes")/COUNTIF('📋 Controls'!A3:A302,"<>"),0) -> 0 | J42: =COUNTIFS('📋 Controls'!K3:K302,"Critical",'📋 Controls'!I3:I302,"<>Implemented")+COUNTIFS('📋 Controls'!K3:K302,"High",'📋 Controls'!I3:I302,"<>Implemented") -> 104
B45: 💡 Tip: Use the filter arrows (▼) on the Controls tab headers to show only your environment (AWS / Azure / On-Prem / Hybrid) or only Critical/High risk controls.

Sheet 📋 Controls
A1: ⬅ Pre-filled reference information (do not edit) | I1: ✏ YOUR INPUT — click any cell in these columns and use the dropdown to update
A2: Control Family | B2: Control ID | C2: Control Name | D2: Short Description | E2: Applies To ▼ Filter here to show your environment | F2: Cloud Implementation Examples | G2: Policy Where This Lives | H2: Evidence Type Needed | I2: Implementation Status | J2: Testing Status | K2: Risk Level | L2: Owner | M2: Evidence Link | N2: Evidence Received? | O2: Received By | P2: Date | Q2: Notes / Findings | R2: Remediation Due Date
A3: AC - Access Control | B3: AC-1 | C3: Policy and Procedures | E3: All | F3: AWS IAM Service Control Policies / Azure AD RBAC Policies | G3: Information Security Policy; Access Control Policy | H3: Policy doc, dated approval, version log | I3: Not Started | J3: Not Tested | K3: High | N3: No
A4: AC - Access Control | B4: AC-2 | C4: Account Management | E4: All | F4: AWS IAM user lifecycle / Azure AD joiner-mover-leaver | G4: Access Control Policy; HR Onboarding SOP | H4: IAM user list export, provisioning tickets, quarterly access review | I4: Not Started | J4: Not Tested | K4: High | N4: No
A5: AC - Access Control | B5: AC-3 | C5: Access Enforcement | E5: All | F5: IAM permission boundaries / Azure Conditional Access policies | G5: Access Control Policy | H5: IAM policy JSON, role assignment screenshot, access matrix | I5: Not Started | J5: Not Tested | K5: High | N5: No
A6: AC - Access Control | B6: AC-4 | C6: Information Flow Enforcement | E6: All | F6: VPC Security Groups & NACLs / Azure NSG + DLP rules | G6: Network Security Policy; Data Classification Policy | H6: Network diagram, firewall rule export, DLP policy config | I6: Not Started | J6: Not Tested | K6: High | N6: No
A7: AC - Access Control | B7: AC-5 | C7: Separation of Duties | E7: All | F7: Separate AWS accounts per role / Azure AD PIM role separation | G7: Access Control Policy; SoD Policy | H7: Role separation matrix, IAM role list, SoD report | I7: Not Started | J7: Not Tested | K7: High | N7: No
A8: AC - Access Control | B8: AC-6 | C8: Least Privilege | E8: All | F8: IAM Permission Boundaries, SCPs / Azure PIM least-privilege | G8: Access Control Policy | H8: Privileged access review report, IAM permission boundary config | I8: Not Started | J8: Not Tested | K8: High | N8: No
A9: AC - Access Control | B9: AC-7 | C9: Unsuccessful Logon Attempts | E9: All | F9: Cognito lockout / Azure AD Smart Lockout config | G9: Access Control Policy; Password Policy | H9: Lockout policy screenshot, failed-login audit log | I9: Not Started | J9: Not Tested | K9: Med | N9: No
A10: AC - Access Control | B10: AC-8 | C10: System Use Notification | E10: All | F10: Login banner on EC2/ALB / Azure AD login banner | G10: Acceptable Use Policy | H10: Login banner text, system notification screenshot | I10: Not Started | J10: Not Tested | K10: Low | N10: No
A11: AC - Access Control | B11: AC-9 | C11: Previous Logon Notification | E11: On-Prem | F11: OS-level login notifications (Windows/Linux) | G11: Access Control Policy | H11: OS config screenshot, last logon notification evidence | I11: Not Started | J11: Not Tested | K11: Low | N11: No
A12: AC - Access Control | B12: AC-10 | C12: Concurrent Session Control | E12: All | F12: Session limits in Cognito / Azure AD token lifetime policy | G12: Access Control Policy | H12: Session policy config, token lifetime screenshot | I12: Not Started | J12: Not Tested | K12: Low | N12: No
A13: AC - Access Control | B13: AC-11 | C13: Device Lock | E13: All | F13: EC2 session timeout / Azure AD session timeout policy | G13: Endpoint Security Policy | H13: Session lock policy, screen-saver GPO export | I13: Not Started | J13: Not Tested | K13: Med | N13: No
A14: AC - Access Control | B14: AC-12 | C14: Session Termination | E14: All | F14: ALB idle timeout / Azure App Gateway session termination | G14: Access Control Policy | H14: Session termination config, timeout setting screenshot | I14: Not Started | J14: Not Tested | K14: Med | N14: No
... A302: SI - System and Information Integrity | B302: SI-11 | C302: Error Handling | E302: All | F302: Structured error handling in application code | G302: Secure Development Policy | H302: Error handling design doc, SAST results, stack trace suppression | I302: Not Started | J302: Not Tested | K302: Med | N302: No

Sheet 📁 Evidence Register
A1: 📁 Evidence Register — Add one row per piece of evidence you need to collect. Fill in Control ID, Evidence Type, who you're requesting it from, and track status as it arrives.
A2: Request ID | B2: Control ID | C2: Control Family | D2: Control Name | E2: Evidence Type Needed | F2: Requested From | G2: Status | H2: Due Date | I2: Evidence Link / Path | J2: Notes
A3: EVR-0001 | B3: AC-1 | C3: AC - Access Control | D3: Policy and Procedures | E3: Policy doc, dated approval, version log | G3: Requested | H3: 2026-03-08 | J3: Risk: High
A4: EVR-0002 | B4: AC-2 | C4: AC - Access Control | D4: Account Management | E4: IAM user list export, provisioning tickets, quarterly access review | G4: Requested | H4: 2026-03-08 | J4: Risk: High
A5: EVR-0003 | B5: AC-3 | C5: AC - Access Control | D5: Access Enforcement | E5: IAM policy JSON, role assignment screenshot, access matrix | G5: Requested | H5: 2026-03-08 | J5: Risk: High
A6: EVR-0004 | B6: AC-4 | C6: AC - Access Control | D6: Information Flow Enforcement | E6: Network diagram, firewall rule export, DLP policy config | G6: Requested | H6: 2026-03-08 | J6: Risk: High
A7: EVR-0005 | B7: AC-5 | C7: AC - Access Control | D7: Separation of Duties | E7: Role separation matrix, IAM role list, SoD report | G7: Requested | H7: 2026-03-08 | J7: Risk: High
A8: EVR-0006 | B8: AC-6 | C8: AC - Access Control | D8: Least Privilege | E8: Privileged access review report, IAM permission boundary config | G8: Requested | H8: 2026-03-08 | J8: Risk: High
A9: EVR-0007 | B9: AC-7 | C9: AC - Access Control | D9: Unsuccessful Logon Attempts | E9: Lockout policy screenshot, failed-login audit log | G9: Requested | H9: 2026-03-08 | J9: Risk: Med
A10: EVR-0008 | B10: AC-8 | C10: AC - Access Control | D10: System Use Notification | E10: Login banner text, system notification screenshot | G10: Requested | H10: 2026-03-08 | J10: Risk: Low
A11: EVR-0009 | B11: AC-9 | C11: AC - Access Control | D11: Previous Logon Notification | E11: OS config screenshot, last logon notification evidence | G11: Requested | H11: 2026-03-08 | J11: Risk: Low
A12: EVR-0010 | B12: AC-10 | C12: AC - Access Control | D12: Concurrent Session Control | E12: Session policy config, token lifetime screenshot | G12: Requested | H12: 2026-03-08 | J12: Risk: Low
A13: EVR-0011 | B13: AC-11 | C13: AC - Access Control | D13: Device Lock | E13: Session lock policy, screen-saver GPO export | G13: Requested | H13: 2026-03-08 | J13: Risk: Med
A14: EVR-0012 | B14: AC-12 | C14: AC - Access Control | D14: Session Termination | E14: Session termination config, timeout setting screenshot | G14: Requested | H14: 2026-03-08 | J14: Risk: Med
... A302: EVR-0300 | B302: SI-11 | C302: SI - System and Information Integrity | D302: Error Handling | E302: Error handling design doc, SAST results, stack trace suppression | G302: Requested | H302: 2026-03-08 | J302: Risk: Med

Sheet 📊 Dashboard
A1: 📊 Audit Readiness Dashboard — Updates automatically as you fill in the Controls tab
A4: Total Controls | E4: Implemented | I4: Readiness % | M4: Evidence Received % | Q4: Critical/High Gaps
A5: =COUNTIF('📋 Controls'!A3:A302,"<>") -> 300 | E5: =COUNTIF('📋 Controls'!I3:I302,"Implemented") -> 0 | I5: =IFERROR(COUNTIF('📋 Controls'!I3:I302,"Implemented")/COUNTIF('📋 Controls'!A3:A302,"<>"),0) -> 0 | M5: =IFERROR(COUNTIF('📋 Controls'!N3:N302,"Yes")/COUNTIF('📋 Controls'!A3:A302,"<>"),0) -> 0 | Q5: =COUNTIFS('📋 Controls'!K3:K302,"Critical",'📋 Controls'!I3:I302,"<>Implemented")+COUNTIFS('📋 Controls'!K3:K302,"High",'📋 Controls'!I3:I302,"<>Implemented") -> 104
A8: 📈 Implementation Status Breakdown | J8: 📂 Control Family Breakdown (auto-calculated)
A9: Status | B9: Count | C9: % of Total | J9: Family | K9: Code | L9: Total | M9: Not Started | N9: Implemented | O9: Complete % | P9: Evidence Rcvd
A10: Not Started | B10: =COUNTIF('📋 Controls'!I3:I302,"Not Started") -> 300 | C10: =IFERROR(B10/COUNTIF('📋 Controls'!A3:A302,"<>"),0) -> 1 | J10: AC - Access Control | K10: AC | L10: =COUNTIF('📋 Controls'!A3:A302,"AC - Access Control") -> 25 | M10: =COUNTIFS('📋 Controls'!A3:A302,"AC - Access Control",'📋 Controls'!I3:I302,"Not Started") -> 25 | N10: =COUNTIFS('📋 Controls'!A3:A302,"AC - Access Control",'📋 Controls'!I3:I302,"Implemented") -> 0 | O10: =IFERROR(M10/L10,0) -> 1 | P10: =COUNTIFS('📋 Controls'!A3:A302,"AC - Access Control",'📋 Controls'!N3:N302,"Yes") -> 0
A11: Planned | B11: =COUNTIF('📋 Controls'!I3:I302,"Planned") -> 0 | C11: =IFERROR(B11/COUNTIF('📋 Controls'!A3:A302,"<>"),0) -> 0 | J11: AT - Awareness and Training | K11: AT | L11: =COUNTIF('📋 Controls'!A3:A302,"AT - Awareness and Training") -> 6 | M11: =COUNTIFS('📋 Controls'!A3:A302,"AT - Awareness and Training",'📋 Controls'!I3:I302,"Not Started") -> 6 | N11: =COUNTIFS('📋 Controls'!A3:A302,"AT - Awareness and Training",'📋 Controls'!I3:I302,"Implemented") -> 0 | O11: =IFERROR(M11/L11,0) -> 1 | P11: =COUNTIFS('📋 Controls'!A3:A302,"AT - Awareness and Training",'📋 Controls'!N3:N302,"Yes") -> 0
A12: Partial | B12: =COUNTIF('📋 Controls'!I3:I302,"Partial") -> 0 | C12: =IFERROR(B12/COUNTIF('📋 Controls'!A3:A302,"<>"),0) -> 0 | J12: AU - Audit and Accountability | K12: AU | L12: =COUNTIF('📋 Controls'!A3:A302,"AU - Audit and Accountability") -> 16 | M12: =COUNTIFS('📋 Controls'!A3:A302,"AU - Audit and Accountability",'📋 Controls'!I3:I302,"Not Started") -> 16 | N12: =COUNTIFS('📋 Controls'!A3:A302,"AU - Audit and Accountability",'📋 Controls'!I3:I302,"Implemented") -> 0 | O12: =IFERROR(M12/L12,0) -> 1 | P12: =COUNTIFS('📋 Controls'!A3:A302,"AU - Audit and Accountability",'📋 Controls'!N3:N302,"Yes") -> 0
A13: Implemented | B13: =COUNTIF('📋 Controls'!I3:I302,"Implemented") -> 0 | C13: =IFERROR(B13/COUNTIF('📋 Controls'!A3:A302,"<>"),0) -> 0 | J13: CA - Assessment, Authorization, and Monitoring | K13: CA | L13: =COUNTIF('📋 Controls'!A3:A302,"CA - Assessment, Authorization, and Monitoring") -> 9 | M13: =COUNTIFS('📋 Controls'!A3:A302,"CA - Assessment, Authorization, and Monitoring",'📋 Controls'!I3:I302,"Not Started") -> 9 | N13: =COUNTIFS('📋 Controls'!A3:A302,"CA - Assessment, Authorization, and Monitoring",'📋 Controls'!I3:I302,"Implemented") -> 0 | O13: =IFERROR(M13/L13,0) -> 1 | P13: =COUNTIFS('📋 Controls'!A3:A302,"CA - Assessment, Authorization, and Monitoring",'📋 Controls'!N3:N302,"Yes") -> 0
J14: CM - Configuration Management | K14: CM | L14: =COUNTIF('📋 Controls'!A3:A302,"CM - Configuration Management") -> 14 | M14: =COUNTIFS('📋 Controls'!A3:A302,"CM - Configuration Management",'📋 Controls'!I3:I302,"Not Started") -> 14 | N14: =COUNTIFS('📋 Controls'!A3:A302,"CM - Configuration Management",'📋 Controls'!I3:I302,"Implemented") -> 0 | O14: =IFERROR(M14/L14,0) -> 1 | P14: =COUNTIFS('📋 Controls'!A3:A302,"CM - Configuration Management",'📋 Controls'!N3:N302,"Yes") -> 0
A15: ⚠️ Risk Level Distribution | J15: CP - Contingency Planning | K15: CP | L15: =COUNTIF('📋 Controls'!A3:A302,"CP - Contingency Planning") -> 13 | M15: =COUNTIFS('📋 Controls'!A3:A302,"CP - Contingency Planning",'📋 Controls'!I3:I302,"Not Started") -> 13 | N15: =COUNTIFS('📋 Controls'!A3:A302,"CP - Contingency Planning",'📋 Controls'!I3:I302,"Implemented") -> 0 | O15: =IFERROR(M15/L15,0) -> 1 | P15: =COUNTIFS('📋 Controls'!A3:A302,"CP - Contingency Planning",'📋 Controls'!N3:N302,"Yes") -> 0
A16: Risk Level | B16: Count | C16: Open (not Implemented) | J16: IA - Identification and Authentication | K16: IA | L16: =COUNTIF('📋 Controls'!A3:A302,"IA - Identification and Authentication") -> 13 | M16: =COUNTIFS('📋 Controls'!A3:A302,"IA - Identification and Authentication",'📋 Controls'!I3:I302,"Not Started") -> 13 | N16: =COUNTIFS('📋 Controls'!A3:A302,"IA - Identification and Authentication",'📋 Controls'!I3:I302,"Implemented") -> 0 | O16: =IFERROR(M16/L16,0) -> 1 | P16: =COUNTIFS('📋 Controls'!A3:A302,"IA - Identification and Authentication",'📋 Controls'!N3:N302,"Yes") -> 0
A17: Critical | B17: =COUNTIF('📋 Controls'!K3:K302,"Critical") -> 2 | C17: =COUNTIFS('📋 Controls'!K3:K302,"Critical",'📋 Controls'!I3:I302,"<>Implemented") -> 2 | J17: IR - Incident Response | K17: IR | L17: =COUNTIF('📋 Controls'!A3:A302,"IR - Incident Response") -> 10 | M17: =COUNTIFS('📋 Controls'!A3:A302,"IR - Incident Response",'📋 Controls'!I3:I302,"Not Started") -> 10 | N17: =COUNTIFS('📋 Controls'!A3:A302,"IR - Incident Response",'📋 Controls'!I3:I302,"Implemented") -> 0 | O17: =IFERROR(M17/L17,0) -> 1 | P17: =COUNTIFS('📋 Controls'!A3:A302,"IR - Incident Response",'📋 Controls'!N3:N302,"Yes") -> 0
A18: High | B18: =COUNTIF('📋 Controls'!K3:K302,"High") -> 102 | C18: =COUNTIFS('📋 Controls'!K3:K302,"High",'📋 Controls'!I3:I302,"<>Implemented") -> 102 | J18: MA - Maintenance | K18: MA | L18: =COUNTIF('📋 Controls'!A3:A302,"MA - Maintenance") -> 7 | M18: =COUNTIFS('📋 Controls'!A3:A302,"MA - Maintenance",'📋 Controls'!I3:I302,"Not Started") -> 7 | N18: =COUNTIFS('📋 Controls'!A3:A302,"MA - Maintenance",'📋 Controls'!I3:I302,"Implemented") -> 0 | O18: =IFERROR(M18/L18,0) -> 1 | P18: =COUNTIFS('📋 Controls'!A3:A302,"MA - Maintenance",'📋 Controls'!N3:N302,"Yes") -> 0
A19: Med | B19: =COUNTIF('📋 Controls'!K3:K302,"Med") -> 173 | C19: =COUNTIFS('📋 Controls'!K3:K302,"Med",'📋 Controls'!I3:I302,"<>Implemented") -> 173 | J19: MP - Media Protection | K19: MP | L19: =COUNTIF('📋 Controls'!A3:A302,"MP - Media Protection") -> 8 | M19: =COUNTIFS('📋 Controls'!A3:A302,"MP - Media Protection",'📋 Controls'!I3:I302,"Not Started") -> 8 | N19: =COUNTIFS('📋 Controls'!A3:A302,"MP - Media Protection",'📋 Controls'!I3:I302,"Implemented") -> 0 | O19: =IFERROR(M19/L19,0) -> 1 | P19: =COUNTIFS('📋 Controls'!A3:A302,"MP - Media Protection",'📋 Controls'!N3:N302,"Yes") -> 0
A20: Low | B20: =COUNTIF('📋 Controls'!K3:K302,"Low") -> 23 | C20: =COUNTIFS('📋 Controls'!K3:K302,"Low",'📋 Controls'!I3:I302,"<>Implemented") -> 23 | J20: PE - Physical and Environmental Protection | K20: PE | L20: =COUNTIF('📋 Controls'!A3:A302,"PE - Physical and Environmental Protection") -> 23 | M20: =COUNTIFS('📋 Controls'!A3:A302,"PE - Physical and Environmental Protection",'📋 Controls'!I3:I302,"Not Started") -> 23 | N20: =COUNTIFS('📋 Controls'!A3:A302,"PE - Physical and Environmental Protection",'📋 Controls'!I3:I302,"Implemented") -> 0 | O20: =IFERROR(M20/L20,0) -> 1 | P20: =COUNTIFS('📋 Controls'!A3:A302,"PE - Physical and Environmental Protection",'📋 Controls'!N3:N302,"Yes") -> 0
J21: PL - Planning | K21: PL | L21: =COUNTIF('📋 Controls'!A3:A302,"PL - Planning") -> 11 | M21: =COUNTIFS('📋 Controls'!A3:A302,"PL - Planning",'📋 Controls'!I3:I302,"Not Started") -> 11 | N21: =COUNTIFS('📋 Controls'!A3:A302,"PL - Planning",'📋 Controls'!I3:I302,"Implemented") -> 0 | O21: =IFERROR(M21/L21,0) -> 1 | P21: =COUNTIFS('📋 Controls'!A3:A302,"PL - Planning",'📋 Controls'!N3:N302,"Yes") -> 0
A22: 📋 Evidence Status Summary | J22: PM - Program Management | K22: PM | L22: =COUNTIF('📋 Controls'!A3:A302,"PM - Program Management") -> 32 | M22: =COUNTIFS('📋 Controls'!A3:A302,"PM - Program Management",'📋 Controls'!I3:I302,"Not Started") -> 32 | N22: =COUNTIFS('📋 Controls'!A3:A302,"PM - Program Management",'📋 Controls'!I3:I302,"Implemented") -> 0 | O22: =IFERROR(M22/L22,0) -> 1 | P22: =COUNTIFS('📋 Controls'!A3:A302,"PM - Program Management",'📋 Controls'!N3:N302,"Yes") -> 0
A23: Status | B23: Count | J23: PS - Personnel Security | K23: PS | L23: =COUNTIF('📋 Controls'!A3:A302,"PS - Personnel Security") -> 9 | M23: =COUNTIFS('📋 Controls'!A3:A302,"PS - Personnel Security",'📋 Controls'!I3:I302,"Not Started") -> 9 | N23: =COUNTIFS('📋 Controls'!A3:A302,"PS - Personnel Security",'📋 Controls'!I3:I302,"Implemented") -> 0 | O23: =IFERROR(M23/L23,0) -> 1 | P23: =COUNTIFS('📋 Controls'!A3:A302,"PS - Personnel Security",'📋 Controls'!N3:N302,"Yes") -> 0
A24: Requested | B24: =COUNTIF('📁 Evidence Register'!G3:G302,"Requested") -> 300 | J24: PT - Personally Identifiable Information Processing and Transparency | K24: PT | L24: =COUNTIF('📋 Controls'!A3:A302,"PT - Personally Identifiable Information Processing and Transparency") -> 8 | M24: =COUNTIFS('📋 Controls'!A3:A302,"PT - Personally Identifiable Information Processing and Transparency",'📋 Controls'!I3:I302,"Not Started") -> 8 | N24: =COUNTIFS('📋 Controls'!A3:A302,"PT - Personally Identifiable Information Processing and Transparency",'📋 Controls'!I3:I302,"Implemented") -> 0 | O24: =IFERROR(M24/L24,0) -> 1 | P24: =COUNTIFS('📋 Controls'!A3:A302,"PT - Personally Identifiable Information Processing and Transparency",'📋 Controls'!N3:N302,"Yes") -> 0
A25: In Review | B25: =COUNTIF('📁 Evidence Register'!G3:G302,"In Review") -> 0 | J25: RA - Risk Assessment | K25: RA | L25: =COUNTIF('📋 Controls'!A3:A302,"RA - Risk Assessment") -> 10 | M25: =COUNTIFS('📋 Controls'!A3:A302,"RA - Risk Assessment",'📋 Controls'!I3:I302,"Not Started") -> 10 | N25: =COUNTIFS('📋 Controls'!A3:A302,"RA - Risk Assessment",'📋 Controls'!I3:I302,"Implemented") -> 0 | O25: =IFERROR(M25/L25,0) -> 1 | P25: =COUNTIFS('📋 Controls'!A3:A302,"RA - Risk Assessment",'📋 Controls'!N3:N302,"Yes") -> 0
A26: Received | B26: =COUNTIF('📁 Evidence Register'!G3:G302,"Received") -> 0 | J26: SA - System and Services Acquisition | K26: SA | L26: =COUNTIF('📋 Controls'!A3:A302,"SA - System and Services Acquisition") -> 24 | M26: =COUNTIFS('📋 Controls'!A3:A302,"SA - System and Services Acquisition",'📋 Controls'!I3:I302,"Not Started") -> 24 | N26: =COUNTIFS('📋 Controls'!A3:A302,"SA - System and Services Acquisition",'📋 Controls'!I3:I302,"Implemented") -> 0 | O26: =IFERROR(M26/L26,0) -> 1 | P26: =COUNTIFS('📋 Controls'!A3:A302,"SA - System and Services Acquisition",'📋 Controls'!N3:N302,"Yes") -> 0
A27: Accepted | B27: =COUNTIF('📁 Evidence Register'!G3:G302,"Accepted") -> 0 | J27: SC - System and Communications Protection | K27: SC | L27: =COUNTIF('📋 Controls'!A3:A302,"SC - System and Communications Protection") -> 51 | M27: =COUNTIFS('📋 Controls'!A3:A302,"SC - System and Communications Protection",'📋 Controls'!I3:I302,"Not Started") -> 51 | N27: =COUNTIFS('📋 Controls'!A3:A302,"SC - System and Communications Protection",'📋 Controls'!I3:I302,"Implemented") -> 0 | O27: =IFERROR(M27/L27,0) -> 1 | P27: =COUNTIFS('📋 Controls'!A3:A302,"SC - System and Communications Protection",'📋 Controls'!N3:N302,"Yes") -> 0
A28: Rejected | B28: =COUNTIF('📁 Evidence Register'!G3:G302,"Rejected") -> 0 | J28: SI - System and Information Integrity | K28: SI | L28: =COUNTIF('📋 Controls'!A3:A302,"SI - System and Information Integrity") -> 11 | M28: =COUNTIFS('📋 Controls'!A3:A302,"SI - System and Information Integrity",'📋 Controls'!I3:I302,"Not Started") -> 11 | N28: =COUNTIFS('📋 Controls'!A3:A302,"SI - System and Information Integrity",'📋 Controls'!I3:I302,"Implemented") -> 0 | O28: =IFERROR(M28/L28,0) -> 1 | P28: =COUNTIFS('📋 Controls'!A3:A302,"SI - System and Information Integrity",'📋 Controls'!N3:N302,"Yes") -> 0

Sheet 📜 Policy Library
A1: 📜 Policy Library — Use this as a reference when filling in the 'Policy Where This Lives' column in the Controls tab.
A2: Policy Name | B2: Typical Document Section | C2: Related Control Families | D2: Policy Owner (Typical) | E2: Review Frequency
A3: Information Security Policy | B3: Section 1 – Policy Statement, Scope, Roles | C3: All Families | D3: CISO / VP Security | E3: Annual
A4: Access Control Policy | B4: Section 2 – User Access, Least Privilege, Remote, Wireless | C4: AC | D4: IAM / IT Security | E4: Annual
A5: Identity & Authentication Policy | B5: Section 3 – MFA, Authentication Standards | C5: IA | D5: IAM / IT Security | E5: Annual
A6: Password & Credential Management Policy | B6: Section 4 – Password Complexity, Rotation, Secrets Mgmt | C6: IA | D6: IAM / IT Security | E6: Annual
A7: Remote Access Policy | B7: Section 5 – VPN, MFA, Remote Work Controls | C7: AC | D7: Network Security / IT | E7: Annual
A8: Wireless Access Policy | B8: Section 6 – Wireless Security, WPA3, 802.1X | C8: AC | D8: Network Security | E8: Annual
A9: Mobile Device Management Policy | B9: Section 7 – MDM Requirements, BYOD, Device Compliance | C9: AC | D9: IT / CISO | E9: Annual
A10: Logging & Monitoring Policy | B10: Section 8 – Audit Logging, Retention, SIEM | C10: AU | D10: Security Operations | E10: Annual
A11: Security Operations (SIEM) Policy | B11: Section 9 – SIEM Alerting, SOC Procedures, Escalation | C11: AU, IR, SI | D11: SOC / Security Ops | E11: Annual
A12: Records Retention Policy | B12: Section 10 – Data Retention Schedules, Legal Hold | C12: AU, MP | D12: Legal / Compliance | E12: Annual
A13: Configuration Management Policy | B13: Section 11 – Baseline Configs, Approved Deviations | C13: CM | D13: IT / DevOps | E13: Annual
... A48: SI Policy (System Integrity) | B48: Section 45 – Patching, AV, Monitoring, Input Validation, Flaws | C48: SI | D48: Security Engineering / IT Ops | E48: Annual
